{
  "version": 2,
  "builds": [
    {
      "src": "dist/index.js",
      "use": "@vercel/node",
      "config": { "includeFiles": ["dist/**", "public/**", "prisma/**"] }
    }
  ],
  "routes": [
    {
      "src": "/public/rss.xml",
      "dest": "/public/rss.xml",
      "headers": {
        "Content-Type": "application/rss+xml",
        "Cache-Control": "public, max-age=3600"
      }
    },
    {
      "src": "/public/atom.xml",
      "dest": "/public/atom.xml",
      "headers": {
        "Content-Type": "application/atom+xml",
        "Cache-Control": "public, max-age=3600"
      }
    },
    {
      "src": "/public/feed.json",
      "dest": "/public/feed.json",
      "headers": {
        "Content-Type": "application/json",
        "Cache-Control": "public, max-age=3600"
      }
    },
    {
      "src": "/public/sitemap.xml",
      "dest": "/public/sitemap.xml",
      "headers": {
        "Content-Type": "application/xml",
        "Cache-Control": "public, max-age=3600"
      }
    },
    {
      "src": "/public/(.*)",
      "dest": "/public/$1",
      "headers": {
        "Cache-Control": "public, max-age=86400"
      }
    },
    {
      "src": "/api/trpc/(.*)",
      "dest": "/dist/index.js"
    },
    {
      "src": "/api/(.*)",
      "dest": "/dist/index.js"
    },
    {
      "src": "/(.*)",
      "dest": "/dist/index.js"
    }
  ],
  "env": {
    "NODE_ENV": "production"
  }
}