{
  "version": 2,
  "buildCommand": "pnpm build",
  "installCommand": "pnpm install",
  "framework": "nextjs",
  "regions": ["iad1"],
  "headers": [
    {
      "source": "/public/rss.xml",
      "headers": [
        {
          "key": "Content-Type",
          "value": "application/rss+xml"
        },
        {
          "key": "Cache-Control",
          "value": "public, max-age=3600"
        }
      ]
    },
    {
      "source": "/public/atom.xml",
      "headers": [
        {
          "key": "Content-Type",
          "value": "application/atom+xml"
        },
        {
          "key": "Cache-Control",
          "value": "public, max-age=3600"
        }
      ]
    },
    {
      "source": "/public/feed.json",
      "headers": [
        {
          "key": "Content-Type",
          "value": "application/json"
        },
        {
          "key": "Cache-Control",
          "value": "public, max-age=3600"
        }
      ]
    },
    {
      "source": "/public/sitemap.xml",
      "headers": [
        {
          "key": "Content-Type",
          "value": "application/xml"
        },
        {
          "key": "Cache-Control",
          "value": "public, max-age=3600"
        }
      ]
    }
  ]
}
